都道府県,国籍,時点,人口
三重県,その他,2024/06,2509
三重県,その他,2025/06,2622
三重県,インド,2024/06,166
三重県,インド,2025/06,240
三重県,インドネシア,2024/06,3865
三重県,インドネシア,2025/06,4914
三重県,カンボジア,2024/06,407
三重県,カンボジア,2025/06,462
三重県,スリランカ,2024/06,1500
三重県,スリランカ,2025/06,1847
三重県,タイ,2024/06,1952
三重県,タイ,2025/06,2030
三重県,ネパール,2024/06,2723
三重県,ネパール,2025/06,3256
三重県,バングラデシュ,2024/06,242
三重県,バングラデシュ,2025/06,312
三重県,パキスタン,2024/06,306
三重県,パキスタン,2025/06,373
三重県,フィリピン,2024/06,8553
三重県,フィリピン,2025/06,8920
三重県,ブラジル,2024/06,13967
三重県,ブラジル,2025/06,13941
三重県,ベトナム,2024/06,13791
三重県,ベトナム,2025/06,15224
三重県,ペルー,2024/06,3382
三重県,ペルー,2025/06,3388
三重県,ミャンマー,2024/06,1508
三重県,ミャンマー,2025/06,2005
三重県,モンゴル,2024/06,330
三重県,モンゴル,2025/06,269
三重県,中国,2024/06,6451
三重県,中国,2025/06,6615
三重県,台湾,2024/06,433
三重県,台湾,2025/06,427
三重県,米国,2024/06,334
三重県,米国,2025/06,332
三重県,総数,2024/06,66509
三重県,総数,2025/06,71154
三重県,英国,2024/06,80
三重県,英国,2025/06,83
三重県,韓国・朝鮮,2024/06,4010
三重県,韓国・朝鮮,2025/06,3894
京都府,その他,2024/06,6024
京都府,その他,2025/06,6574
京都府,インド,2024/06,634
京都府,インド,2025/06,809
京都府,インドネシア,2024/06,2704
京都府,インドネシア,2025/06,3807
京都府,カンボジア,2024/06,535
京都府,カンボジア,2025/06,632
京都府,スリランカ,2024/06,1358
京都府,スリランカ,2025/06,1871
京都府,タイ,2024/06,1031
京都府,タイ,2025/06,1055
京都府,ネパール,2024/06,4667
京都府,ネパール,2025/06,6400
京都府,バングラデシュ,2024/06,583
京都府,バングラデシュ,2025/06,765
京都府,パキスタン,2024/06,233
京都府,パキスタン,2025/06,335
京都府,フィリピン,2024/06,3119
京都府,フィリピン,2025/06,3334
京都府,ブラジル,2024/06,603
京都府,ブラジル,2025/06,628
京都府,ベトナム,2024/06,10118
京都府,ベトナム,2025/06,11443
京都府,ペルー,2024/06,182
京都府,ペルー,2025/06,183
京都府,ミャンマー,2024/06,1828
京都府,ミャンマー,2025/06,3076
京都府,モンゴル,2024/06,210
京都府,モンゴル,2025/06,226
京都府,中国,2024/06,18954
京都府,中国,2025/06,20502
京都府,台湾,2024/06,2088
京都府,台湾,2025/06,2259
京都府,米国,2024/06,1930
京都府,米国,2025/06,2046
京都府,総数,2024/06,79617
京都府,総数,2025/06,88337
京都府,英国,2024/06,637
京都府,英国,2025/06,682
京都府,韓国・朝鮮,2024/06,22179
京都府,韓国・朝鮮,2025/06,21710
佐賀県,その他,2024/06,305
佐賀県,その他,2025/06,310
佐賀県,インド,2024/06,47
佐賀県,インド,2025/06,60
佐賀県,インドネシア,2024/06,1602
佐賀県,インドネシア,2025/06,2103
佐賀県,カンボジア,2024/06,160
佐賀県,カンボジア,2025/06,164
佐賀県,スリランカ,2024/06,183
佐賀県,スリランカ,2025/06,232
佐賀県,タイ,2024/06,100
佐賀県,タイ,2025/06,110
佐賀県,ネパール,2024/06,1207
佐賀県,ネパール,2025/06,1519
佐賀県,バングラデシュ,2024/06,109
佐賀県,バングラデシュ,2025/06,138
佐賀県,パキスタン,2024/06,52
佐賀県,パキスタン,2025/06,82
佐賀県,フィリピン,2024/06,897
佐賀県,フィリピン,2025/06,936
佐賀県,ブラジル,2024/06,33
佐賀県,ブラジル,2025/06,39
佐賀県,ベトナム,2024/06,2875
佐賀県,ベトナム,2025/06,3023
佐賀県,ペルー,2024/06,2
佐賀県,ペルー,2025/06,2
佐賀県,ミャンマー,2024/06,932
佐賀県,ミャンマー,2025/06,1350
佐賀県,モンゴル,2024/06,19
佐賀県,モンゴル,2025/06,14
佐賀県,中国,2024/06,1007
佐賀県,中国,2025/06,1000
佐賀県,台湾,2024/06,52
佐賀県,台湾,2025/06,56
佐賀県,米国,2024/06,122
佐賀県,米国,2025/06,132
佐賀県,総数,2024/06,10378
佐賀県,総数,2025/06,11953
佐賀県,英国,2024/06,34
佐賀県,英国,2025/06,38
佐賀県,韓国・朝鮮,2024/06,640
佐賀県,韓国・朝鮮,2025/06,645
兵庫県,その他,2024/06,6558
兵庫県,その他,2025/06,7031
兵庫県,インド,2024/06,1706
兵庫県,インド,2025/06,1778
兵庫県,インドネシア,2024/06,4602
兵庫県,インドネシア,2025/06,6287
兵庫県,カンボジア,2024/06,771
兵庫県,カンボジア,2025/06,870
兵庫県,スリランカ,2024/06,999
兵庫県,スリランカ,2025/06,1315
兵庫県,タイ,2024/06,1414
兵庫県,タイ,2025/06,1486
兵庫県,ネパール,2024/06,7963
兵庫県,ネパール,2025/06,10439
兵庫県,バングラデシュ,2024/06,1495
兵庫県,バングラデシュ,2025/06,1979
兵庫県,パキスタン,2024/06,528
兵庫県,パキスタン,2025/06,649
兵庫県,フィリピン,2024/06,6515
兵庫県,フィリピン,2025/06,6977
兵庫県,ブラジル,2024/06,2409
兵庫県,ブラジル,2025/06,2387
兵庫県,ベトナム,2024/06,30342
兵庫県,ベトナム,2025/06,32933
兵庫県,ペルー,2024/06,815
兵庫県,ペルー,2025/06,835
兵庫県,ミャンマー,2024/06,4162
兵庫県,ミャンマー,2025/06,6348
兵庫県,モンゴル,2024/06,376
兵庫県,モンゴル,2025/06,403
兵庫県,中国,2024/06,23762
兵庫県,中国,2025/06,24972
兵庫県,台湾,2024/06,2217
兵庫県,台湾,2025/06,2280
兵庫県,米国,2024/06,2610
兵庫県,米国,2025/06,2665
兵庫県,総数,2024/06,137044
兵庫県,総数,2025/06,148569
兵庫県,英国,2024/06,750
兵庫県,英国,2025/06,757
兵庫県,韓国・朝鮮,2024/06,37050
兵庫県,韓国・朝鮮,2025/06,36178
北海道,その他,2024/06,4939
北海道,その他,2025/06,5173
北海道,インド,2024/06,1548
北海道,インド,2025/06,1703
北海道,インドネシア,2024/06,7676
北海道,インドネシア,2025/06,11167
北海道,カンボジア,2024/06,611
北海道,カンボジア,2025/06,686
北海道,スリランカ,2024/06,589
北海道,スリランカ,2025/06,687
北海道,タイ,2024/06,1471
北海道,タイ,2025/06,1600
北海道,ネパール,2024/06,2453
北海道,ネパール,2025/06,3020
北海道,バングラデシュ,2024/06,304
北海道,バングラデシュ,2025/06,342
北海道,パキスタン,2024/06,732
北海道,パキスタン,2025/06,937
北海道,フィリピン,2024/06,3342
北海道,フィリピン,2025/06,3822
北海道,ブラジル,2024/06,181
北海道,ブラジル,2025/06,203
北海道,ベトナム,2024/06,13287
北海道,ベトナム,2025/06,14035
北海道,ペルー,2024/06,61
北海道,ペルー,2025/06,68
北海道,ミャンマー,2024/06,3952
北海道,ミャンマー,2025/06,5668
北海道,モンゴル,2024/06,683
北海道,モンゴル,2025/06,644
北海道,中国,2024/06,9824
北海道,中国,2025/06,10495
北海道,台湾,2024/06,1570
北海道,台湾,2025/06,1785
北海道,米国,2024/06,1520
北海道,米国,2025/06,1639
北海道,総数,2024/06,60273
北海道,総数,2025/06,69620
北海道,英国,2024/06,638
北海道,英国,2025/06,723
北海道,韓国・朝鮮,2024/06,4892
北海道,韓国・朝鮮,2025/06,5223
千葉県,その他,2024/06,12916
千葉県,その他,2025/06,14136
千葉県,インド,2024/06,2583
千葉県,インド,2025/06,2908
千葉県,インドネシア,2024/06,8798
千葉県,インドネシア,2025/06,12229
千葉県,カンボジア,2024/06,1240
千葉県,カンボジア,2025/06,1443
千葉県,スリランカ,2024/06,9782
千葉県,スリランカ,2025/06,13146
千葉県,タイ,2024/06,6996
千葉県,タイ,2025/06,7311
千葉県,ネパール,2024/06,16999
千葉県,ネパール,2025/06,23221
千葉県,バングラデシュ,2024/06,1905
千葉県,バングラデシュ,2025/06,2395
千葉県,パキスタン,2024/06,2310
千葉県,パキスタン,2025/06,2702
千葉県,フィリピン,2024/06,22500
千葉県,フィリピン,2025/06,23951
千葉県,ブラジル,2024/06,3617
千葉県,ブラジル,2025/06,3656
千葉県,ベトナム,2024/06,35458
千葉県,ベトナム,2025/06,39806
千葉県,ペルー,2024/06,2699
千葉県,ペルー,2025/06,2691
千葉県,ミャンマー,2024/06,5237
千葉県,ミャンマー,2025/06,7702
千葉県,モンゴル,2024/06,2552
千葉県,モンゴル,2025/06,2749
千葉県,中国,2024/06,59619
千葉県,中国,2025/06,63163
千葉県,台湾,2024/06,4084
千葉県,台湾,2025/06,4258
千葉県,米国,2024/06,2647
千葉県,米国,2025/06,2758
千葉県,総数,2024/06,219131
千葉県,総数,2025/06,247580
千葉県,英国,2024/06,976
千葉県,英国,2025/06,1018
千葉県,韓国・朝鮮,2024/06,16213
千葉県,韓国・朝鮮,2025/06,16337
和歌山県,その他,2024/06,446
和歌山県,その他,2025/06,461
和歌山県,インド,2024/06,88
和歌山県,インド,2025/06,99
和歌山県,インドネシア,2024/06,629
和歌山県,インドネシア,2025/06,1021
和歌山県,カンボジア,2024/06,52
和歌山県,カンボジア,2025/06,56
和歌山県,スリランカ,2024/06,91
和歌山県,スリランカ,2025/06,127
和歌山県,タイ,2024/06,582
和歌山県,タイ,2025/06,610
和歌山県,ネパール,2024/06,439
和歌山県,ネパール,2025/06,634
和歌山県,バングラデシュ,2024/06,41
和歌山県,バングラデシュ,2025/06,55
和歌山県,パキスタン,2024/06,18
和歌山県,パキスタン,2025/06,28
和歌山県,フィリピン,2024/06,945
和歌山県,フィリピン,2025/06,993
和歌山県,ブラジル,2024/06,113
和歌山県,ブラジル,2025/06,125
和歌山県,ベトナム,2024/06,2051
和歌山県,ベトナム,2025/06,2248
和歌山県,ペルー,2024/06,20
和歌山県,ペルー,2025/06,16
和歌山県,ミャンマー,2024/06,397
和歌山県,ミャンマー,2025/06,599
和歌山県,モンゴル,2024/06,60
和歌山県,モンゴル,2025/06,45
和歌山県,中国,2024/06,1331
和歌山県,中国,2025/06,1376
和歌山県,台湾,2024/06,134
和歌山県,台湾,2025/06,123
和歌山県,米国,2024/06,188
和歌山県,米国,2025/06,211
和歌山県,総数,2024/06,9572
和歌山県,総数,2025/06,10736
和歌山県,英国,2024/06,43
和歌山県,英国,2025/06,44
和歌山県,韓国・朝鮮,2024/06,1904
和歌山県,韓国・朝鮮,2025/06,1865
埼玉県,その他,2024/06,13135
埼玉県,その他,2025/06,14088
埼玉県,インド,2024/06,2239
埼玉県,インド,2025/06,2742
埼玉県,インドネシア,2024/06,9150
埼玉県,インドネシア,2025/06,12652
埼玉県,カンボジア,2024/06,1032
埼玉県,カンボジア,2025/06,1199
埼玉県,スリランカ,2024/06,3445
埼玉県,スリランカ,2025/06,4524
埼玉県,タイ,2024/06,4233
埼玉県,タイ,2025/06,4290
埼玉県,ネパール,2024/06,14066
埼玉県,ネパール,2025/06,18449
埼玉県,バングラデシュ,2024/06,4354
埼玉県,バングラデシュ,2025/06,5571
埼玉県,パキスタン,2024/06,3767
埼玉県,パキスタン,2025/06,4287
埼玉県,フィリピン,2024/06,24658
埼玉県,フィリピン,2025/06,25647
埼玉県,ブラジル,2024/06,7415
埼玉県,ブラジル,2025/06,7192
埼玉県,ベトナム,2024/06,44300
埼玉県,ベトナム,2025/06,50331
埼玉県,ペルー,2024/06,3342
埼玉県,ペルー,2025/06,3344
埼玉県,ミャンマー,2024/06,6592
埼玉県,ミャンマー,2025/06,9682
埼玉県,モンゴル,2024/06,2563
埼玉県,モンゴル,2025/06,2737
埼玉県,中国,2024/06,81800
埼玉県,中国,2025/06,87047
埼玉県,台湾,2024/06,3385
埼玉県,台湾,2025/06,3413
埼玉県,米国,2024/06,2269
埼玉県,米国,2025/06,2340
埼玉県,総数,2024/06,249327
埼玉県,総数,2025/06,277209
埼玉県,英国,2024/06,735
埼玉県,英国,2025/06,763
埼玉県,韓国・朝鮮,2024/06,16847
埼玉県,韓国・朝鮮,2025/06,16911
大分県,その他,2024/06,1093
大分県,その他,2025/06,1157
大分県,インド,2024/06,164
大分県,インド,2025/06,214
大分県,インドネシア,2024/06,2370
大分県,インドネシア,2025/06,3095
大分県,カンボジア,2024/06,373
大分県,カンボジア,2025/06,407
大分県,スリランカ,2024/06,658
大分県,スリランカ,2025/06,886
大分県,タイ,2024/06,338
大分県,タイ,2025/06,350
大分県,ネパール,2024/06,1115
大分県,ネパール,2025/06,1359
大分県,バングラデシュ,2024/06,248
大分県,バングラデシュ,2025/06,326
大分県,パキスタン,2024/06,92
大分県,パキスタン,2025/06,92
大分県,フィリピン,2024/06,1999
大分県,フィリピン,2025/06,2253
大分県,ブラジル,2024/06,82
大分県,ブラジル,2025/06,94
大分県,ベトナム,2024/06,3672
大分県,ベトナム,2025/06,3829
大分県,ペルー,2024/06,28
大分県,ペルー,2025/06,23
大分県,ミャンマー,2024/06,1879
大分県,ミャンマー,2025/06,2882
大分県,モンゴル,2024/06,212
大分県,モンゴル,2025/06,216
大分県,中国,2024/06,2277
大分県,中国,2025/06,2211
大分県,台湾,2024/06,197
大分県,台湾,2025/06,179
大分県,米国,2024/06,331
大分県,米国,2025/06,365
大分県,総数,2024/06,18954
大分県,総数,2025/06,21708
大分県,英国,2024/06,72
大分県,英国,2025/06,68
大分県,韓国・朝鮮,2024/06,1754
大分県,韓国・朝鮮,2025/06,1702
大阪府,その他,2024/06,10983
大阪府,その他,2025/06,13805
大阪府,インド,2024/06,1773
大阪府,インド,2025/06,2095
大阪府,インドネシア,2024/06,10063
大阪府,インドネシア,2025/06,13592
大阪府,カンボジア,2024/06,881
大阪府,カンボジア,2025/06,1046
大阪府,スリランカ,2024/06,2154
大阪府,スリランカ,2025/06,3191
大阪府,タイ,2024/06,3078
大阪府,タイ,2025/06,3309
大阪府,ネパール,2024/06,17398
大阪府,ネパール,2025/06,24727
大阪府,バングラデシュ,2024/06,1791
大阪府,バングラデシュ,2025/06,2743
大阪府,パキスタン,2024/06,910
大阪府,パキスタン,2025/06,1215
大阪府,フィリピン,2024/06,11835
大阪府,フィリピン,2025/06,12877
大阪府,ブラジル,2024/06,2776
大阪府,ブラジル,2025/06,2777
大阪府,ベトナム,2024/06,58529
大阪府,ベトナム,2025/06,67611
大阪府,ペルー,2024/06,1356
大阪府,ペルー,2025/06,1360
大阪府,ミャンマー,2024/06,7446
大阪府,ミャンマー,2025/06,12054
大阪府,モンゴル,2024/06,759
大阪府,モンゴル,2025/06,805
大阪府,中国,2024/06,81499
大阪府,中国,2025/06,92946
大阪府,台湾,2024/06,7629
大阪府,台湾,2025/06,8330
大阪府,米国,2024/06,3706
大阪府,米国,2025/06,4104
大阪府,総数,2024/06,317421
大阪府,総数,2025/06,360390
大阪府,英国,2024/06,1283
大阪府,英国,2025/06,1418
大阪府,韓国・朝鮮,2024/06,91572
大阪府,韓国・朝鮮,2025/06,90385
奈良県,その他,2024/06,1005
奈良県,その他,2025/06,1042
奈良県,インド,2024/06,99
奈良県,インド,2025/06,129
奈良県,インドネシア,2024/06,996
奈良県,インドネシア,2025/06,1391
奈良県,カンボジア,2024/06,104
奈良県,カンボジア,2025/06,119
奈良県,スリランカ,2024/06,395
奈良県,スリランカ,2025/06,526
奈良県,タイ,2024/06,513
奈良県,タイ,2025/06,516
奈良県,ネパール,2024/06,891
奈良県,ネパール,2025/06,1086
奈良県,バングラデシュ,2024/06,174
奈良県,バングラデシュ,2025/06,246
奈良県,パキスタン,2024/06,72
奈良県,パキスタン,2025/06,89
奈良県,フィリピン,2024/06,1053
奈良県,フィリピン,2025/06,1123
奈良県,ブラジル,2024/06,329
奈良県,ブラジル,2025/06,338
奈良県,ベトナム,2024/06,4222
奈良県,ベトナム,2025/06,4962
奈良県,ペルー,2024/06,167
奈良県,ペルー,2025/06,160
奈良県,ミャンマー,2024/06,1075
奈良県,ミャンマー,2025/06,1405
奈良県,モンゴル,2024/06,62
奈良県,モンゴル,2025/06,67
奈良県,中国,2024/06,3093
奈良県,中国,2025/06,3158
奈良県,台湾,2024/06,363
奈良県,台湾,2025/06,376
奈良県,米国,2024/06,426
奈良県,米国,2025/06,432
奈良県,総数,2024/06,18320
奈良県,総数,2025/06,20411
奈良県,英国,2024/06,99
奈良県,英国,2025/06,103
奈良県,韓国・朝鮮,2024/06,3182
奈良県,韓国・朝鮮,2025/06,3143
宮城県,その他,2024/06,1627
宮城県,その他,2025/06,1737
宮城県,インド,2024/06,305
宮城県,インド,2025/06,312
宮城県,インドネシア,2024/06,2419
宮城県,インドネシア,2025/06,3148
宮城県,カンボジア,2024/06,198
宮城県,カンボジア,2025/06,237
宮城県,スリランカ,2024/06,617
宮城県,スリランカ,2025/06,863
宮城県,タイ,2024/06,429
宮城県,タイ,2025/06,443
宮城県,ネパール,2024/06,3099
宮城県,ネパール,2025/06,3561
宮城県,バングラデシュ,2024/06,492
宮城県,バングラデシュ,2025/06,588
宮城県,パキスタン,2024/06,477
宮城県,パキスタン,2025/06,556
宮城県,フィリピン,2024/06,1747
宮城県,フィリピン,2025/06,1811
宮城県,ブラジル,2024/06,159
宮城県,ブラジル,2025/06,184
宮城県,ベトナム,2024/06,4977
宮城県,ベトナム,2025/06,5078
宮城県,ペルー,2024/06,31
宮城県,ペルー,2025/06,35
宮城県,ミャンマー,2024/06,1477
宮城県,ミャンマー,2025/06,1925
宮城県,モンゴル,2024/06,182
宮城県,モンゴル,2025/06,165
宮城県,中国,2024/06,5563
宮城県,中国,2025/06,5735
宮城県,台湾,2024/06,468
宮城県,台湾,2025/06,518
宮城県,米国,2024/06,717
宮城県,米国,2025/06,812
宮城県,総数,2024/06,28330
宮城県,総数,2025/06,31041
宮城県,英国,2024/06,145
宮城県,英国,2025/06,146
宮城県,韓国・朝鮮,2024/06,3201
宮城県,韓国・朝鮮,2025/06,3187
宮崎県,その他,2024/06,586
宮崎県,その他,2025/06,628
宮崎県,インド,2024/06,78
宮崎県,インド,2025/06,95
宮崎県,インドネシア,2024/06,2204
宮崎県,インドネシア,2025/06,2901
宮崎県,カンボジア,2024/06,268
宮崎県,カンボジア,2025/06,256
宮崎県,スリランカ,2024/06,71
宮崎県,スリランカ,2025/06,100
宮崎県,タイ,2024/06,78
宮崎県,タイ,2025/06,75
宮崎県,ネパール,2024/06,460
宮崎県,ネパール,2025/06,729
宮崎県,バングラデシュ,2024/06,105
宮崎県,バングラデシュ,2025/06,138
宮崎県,パキスタン,2024/06,60
宮崎県,パキスタン,2025/06,70
宮崎県,フィリピン,2024/06,1019
宮崎県,フィリピン,2025/06,1116
宮崎県,ブラジル,2024/06,57
宮崎県,ブラジル,2025/06,56
宮崎県,ベトナム,2024/06,2914
宮崎県,ベトナム,2025/06,2993
宮崎県,ペルー,2024/06,6
宮崎県,ペルー,2025/06,10
宮崎県,ミャンマー,2024/06,810
宮崎県,ミャンマー,2025/06,1248
宮崎県,モンゴル,2024/06,52
宮崎県,モンゴル,2025/06,42
宮崎県,中国,2024/06,877
宮崎県,中国,2025/06,839
宮崎県,台湾,2024/06,50
宮崎県,台湾,2025/06,51
宮崎県,米国,2024/06,237
宮崎県,米国,2025/06,237
宮崎県,総数,2024/06,10494
宮崎県,総数,2025/06,12147
宮崎県,英国,2024/06,64
宮崎県,英国,2025/06,66
宮崎県,韓国・朝鮮,2024/06,498
宮崎県,韓国・朝鮮,2025/06,497
富山県,その他,2024/06,1412
富山県,その他,2025/06,1503
富山県,インド,2024/06,232
富山県,インド,2025/06,285
富山県,インドネシア,2024/06,2160
富山県,インドネシア,2025/06,2892
富山県,カンボジア,2024/06,282
富山県,カンボジア,2025/06,287
富山県,スリランカ,2024/06,64
富山県,スリランカ,2025/06,86
富山県,タイ,2024/06,228
富山県,タイ,2025/06,247
富山県,ネパール,2024/06,403
富山県,ネパール,2025/06,505
富山県,バングラデシュ,2024/06,165
富山県,バングラデシュ,2025/06,183
富山県,パキスタン,2024/06,765
富山県,パキスタン,2025/06,867
富山県,フィリピン,2024/06,2852
富山県,フィリピン,2025/06,2983
富山県,ブラジル,2024/06,2541
富山県,ブラジル,2025/06,2686
富山県,ベトナム,2024/06,5758
富山県,ベトナム,2025/06,5946
富山県,ペルー,2024/06,59
富山県,ペルー,2025/06,60
富山県,ミャンマー,2024/06,609
富山県,ミャンマー,2025/06,905
富山県,モンゴル,2024/06,157
富山県,モンゴル,2025/06,173
富山県,中国,2024/06,4360
富山県,中国,2025/06,4336
富山県,台湾,2024/06,180
富山県,台湾,2025/06,187
富山県,米国,2024/06,236
富山県,米国,2025/06,261
富山県,総数,2024/06,23382
富山県,総数,2025/06,25311
富山県,英国,2024/06,56
富山県,英国,2025/06,48
富山県,韓国・朝鮮,2024/06,863
富山県,韓国・朝鮮,2025/06,871
山口県,その他,2024/06,530
山口県,その他,2025/06,551
山口県,インド,2024/06,72
山口県,インド,2025/06,81
山口県,インドネシア,2024/06,1972
山口県,インドネシア,2025/06,2616
山口県,カンボジア,2024/06,131
山口県,カンボジア,2025/06,164
山口県,スリランカ,2024/06,117
山口県,スリランカ,2025/06,155
山口県,タイ,2024/06,315
山口県,タイ,2025/06,226
山口県,ネパール,2024/06,961
山口県,ネパール,2025/06,1127
山口県,バングラデシュ,2024/06,169
山口県,バングラデシュ,2025/06,231
山口県,パキスタン,2024/06,47
山口県,パキスタン,2025/06,58
山口県,フィリピン,2024/06,2112
山口県,フィリピン,2025/06,2336
山口県,ブラジル,2024/06,309
山口県,ブラジル,2025/06,252
山口県,ベトナム,2024/06,4890
山口県,ベトナム,2025/06,5045
山口県,ペルー,2024/06,43
山口県,ペルー,2025/06,50
山口県,ミャンマー,2024/06,988
山口県,ミャンマー,2025/06,1163
山口県,モンゴル,2024/06,20
山口県,モンゴル,2025/06,18
山口県,中国,2024/06,2392
山口県,中国,2025/06,2390
山口県,台湾,2024/06,123
山口県,台湾,2025/06,111
山口県,米国,2024/06,486
山口県,米国,2025/06,477
山口県,総数,2024/06,20649
山口県,総数,2025/06,21866
山口県,英国,2024/06,62
山口県,英国,2025/06,66
山口県,韓国・朝鮮,2024/06,4910
山口県,韓国・朝鮮,2025/06,4749
山形県,その他,2024/06,349
山形県,その他,2025/06,391
山形県,インド,2024/06,57
山形県,インド,2025/06,69
山形県,インドネシア,2024/06,513
山形県,インドネシア,2025/06,718
山形県,カンボジア,2024/06,130
山形県,カンボジア,2025/06,168
山形県,スリランカ,2024/06,38
山形県,スリランカ,2025/06,19
山形県,タイ,2024/06,203
山形県,タイ,2025/06,216
山形県,ネパール,2024/06,229
山形県,ネパール,2025/06,307
山形県,バングラデシュ,2024/06,74
山形県,バングラデシュ,2025/06,98
山形県,パキスタン,2024/06,90
山形県,パキスタン,2025/06,100
山形県,フィリピン,2024/06,1040
山形県,フィリピン,2025/06,1117
山形県,ブラジル,2024/06,88
山形県,ブラジル,2025/06,85
山形県,ベトナム,2024/06,2991
山形県,ベトナム,2025/06,3017
山形県,ペルー,2024/06,12
山形県,ペルー,2025/06,14
山形県,ミャンマー,2024/06,443
山形県,ミャンマー,2025/06,655
山形県,モンゴル,2024/06,115
山形県,モンゴル,2025/06,92
山形県,中国,2024/06,1883
山形県,中国,2025/06,1896
山形県,台湾,2024/06,136
山形県,台湾,2025/06,138
山形県,米国,2024/06,210
山形県,米国,2025/06,222
山形県,総数,2024/06,10058
山形県,総数,2025/06,10753
山形県,英国,2024/06,55
山形県,英国,2025/06,52
山形県,韓国・朝鮮,2024/06,1402
山形県,韓国・朝鮮,2025/06,1379
山梨県,その他,2024/06,1004
山梨県,その他,2025/06,1031
山梨県,インド,2024/06,381
山梨県,インド,2025/06,459
山梨県,インドネシア,2024/06,829
山梨県,インドネシア,2025/06,1228
山梨県,カンボジア,2024/06,77
山梨県,カンボジア,2025/06,120
山梨県,スリランカ,2024/06,194
山梨県,スリランカ,2025/06,245
山梨県,タイ,2024/06,674
山梨県,タイ,2025/06,708
山梨県,ネパール,2024/06,954
山梨県,ネパール,2025/06,1195
山梨県,バングラデシュ,2024/06,90
山梨県,バングラデシュ,2025/06,124
山梨県,パキスタン,2024/06,84
山梨県,パキスタン,2025/06,117
山梨県,フィリピン,2024/06,2386
山梨県,フィリピン,2025/06,2460
山梨県,ブラジル,2024/06,2782
山梨県,ブラジル,2025/06,2803
山梨県,ベトナム,2024/06,4428
山梨県,ベトナム,2025/06,4793
山梨県,ペルー,2024/06,664
山梨県,ペルー,2025/06,658
山梨県,ミャンマー,2024/06,598
山梨県,ミャンマー,2025/06,863
山梨県,モンゴル,2024/06,207
山梨県,モンゴル,2025/06,236
山梨県,中国,2024/06,4458
山梨県,中国,2025/06,4627
山梨県,台湾,2024/06,579
山梨県,台湾,2025/06,582
山梨県,米国,2024/06,377
山梨県,米国,2025/06,380
山梨県,総数,2024/06,22547
山梨県,総数,2025/06,24392
山梨県,英国,2024/06,106
山梨県,英国,2025/06,106
山梨県,韓国・朝鮮,2024/06,1675
山梨県,韓国・朝鮮,2025/06,1657
岐阜県,その他,2024/06,1352
岐阜県,その他,2025/06,1514
岐阜県,インド,2024/06,275
岐阜県,インド,2025/06,314
岐阜県,インドネシア,2024/06,3712
岐阜県,インドネシア,2025/06,5144
岐阜県,カンボジア,2024/06,1240
岐阜県,カンボジア,2025/06,1374
岐阜県,スリランカ,2024/06,967
岐阜県,スリランカ,2025/06,1412
岐阜県,タイ,2024/06,1001
岐阜県,タイ,2025/06,965
岐阜県,ネパール,2024/06,2437
岐阜県,ネパール,2025/06,3123
岐阜県,バングラデシュ,2024/06,338
岐阜県,バングラデシュ,2025/06,464
岐阜県,パキスタン,2024/06,683
岐阜県,パキスタン,2025/06,919
岐阜県,フィリピン,2024/06,15908
岐阜県,フィリピン,2025/06,16562
岐阜県,ブラジル,2024/06,12302
岐阜県,ブラジル,2025/06,12375
岐阜県,ベトナム,2024/06,14598
岐阜県,ベトナム,2025/06,15621
岐阜県,ペルー,2024/06,905
岐阜県,ペルー,2025/06,891
岐阜県,ミャンマー,2024/06,2146
岐阜県,ミャンマー,2025/06,2968
岐阜県,モンゴル,2024/06,137
岐阜県,モンゴル,2025/06,128
岐阜県,中国,2024/06,9300
岐阜県,中国,2025/06,9268
岐阜県,台湾,2024/06,193
岐阜県,台湾,2025/06,205
岐阜県,米国,2024/06,443
岐阜県,米国,2025/06,452
岐阜県,総数,2024/06,71617
岐阜県,総数,2025/06,77301
岐阜県,英国,2024/06,119
岐阜県,英国,2025/06,120
岐阜県,韓国・朝鮮,2024/06,3561
岐阜県,韓国・朝鮮,2025/06,3482
岡山県,その他,2024/06,1138
岡山県,その他,2025/06,1215
岡山県,インド,2024/06,170
岡山県,インド,2025/06,181
岡山県,インドネシア,2024/06,3242
岡山県,インドネシア,2025/06,4109
岡山県,カンボジア,2024/06,521
岡山県,カンボジア,2025/06,514
岡山県,スリランカ,2024/06,319
岡山県,スリランカ,2025/06,444
岡山県,タイ,2024/06,436
岡山県,タイ,2025/06,462
岡山県,ネパール,2024/06,1399
岡山県,ネパール,2025/06,1804
岡山県,バングラデシュ,2024/06,300
岡山県,バングラデシュ,2025/06,412
岡山県,パキスタン,2024/06,235
岡山県,パキスタン,2025/06,296
岡山県,フィリピン,2024/06,2530
岡山県,フィリピン,2025/06,2754
岡山県,ブラジル,2024/06,938
岡山県,ブラジル,2025/06,867
岡山県,ベトナム,2024/06,12012
岡山県,ベトナム,2025/06,12665
岡山県,ペルー,2024/06,130
岡山県,ペルー,2025/06,135
岡山県,ミャンマー,2024/06,1520
岡山県,ミャンマー,2025/06,1964
岡山県,モンゴル,2024/06,60
岡山県,モンゴル,2025/06,74
岡山県,中国,2024/06,6967
岡山県,中国,2025/06,7089
岡山県,台湾,2024/06,197
岡山県,台湾,2025/06,208
岡山県,米国,2024/06,429
岡山県,米国,2025/06,423
岡山県,総数,2024/06,37129
岡山県,総数,2025/06,40130
岡山県,英国,2024/06,120
岡山県,英国,2025/06,125
岡山県,韓国・朝鮮,2024/06,4466
岡山県,韓国・朝鮮,2025/06,4389
岩手県,その他,2024/06,359
岩手県,その他,2025/06,390
岩手県,インド,2024/06,105
岩手県,インド,2025/06,119
岩手県,インドネシア,2024/06,1234
岩手県,インドネシア,2025/06,1699
岩手県,カンボジア,2024/06,186
岩手県,カンボジア,2025/06,206
岩手県,スリランカ,2024/06,27
岩手県,スリランカ,2025/06,27
岩手県,タイ,2024/06,220
岩手県,タイ,2025/06,252
岩手県,ネパール,2024/06,308
岩手県,ネパール,2025/06,443
岩手県,バングラデシュ,2024/06,133
岩手県,バングラデシュ,2025/06,162
岩手県,パキスタン,2024/06,83
岩手県,パキスタン,2025/06,105
岩手県,フィリピン,2024/06,1548
岩手県,フィリピン,2025/06,1620
岩手県,ブラジル,2024/06,107
岩手県,ブラジル,2025/06,102
岩手県,ベトナム,2024/06,2763
岩手県,ベトナム,2025/06,2919
岩手県,ペルー,2024/06,18
岩手県,ペルー,2025/06,20
岩手県,ミャンマー,2024/06,669
岩手県,ミャンマー,2025/06,816
岩手県,モンゴル,2024/06,136
岩手県,モンゴル,2025/06,99
岩手県,中国,2024/06,1544
岩手県,中国,2025/06,1571
岩手県,台湾,2024/06,124
岩手県,台湾,2025/06,122
岩手県,米国,2024/06,220
岩手県,米国,2025/06,240
岩手県,総数,2024/06,10644
岩手県,総数,2025/06,11775
岩手県,英国,2024/06,96
岩手県,英国,2025/06,129
岩手県,韓国・朝鮮,2024/06,764
岩手県,韓国・朝鮮,2025/06,734
島根県,その他,2024/06,258
島根県,その他,2025/06,275
島根県,インド,2024/06,67
島根県,インド,2025/06,56
島根県,インドネシア,2024/06,537
島根県,インドネシア,2025/06,712
島根県,カンボジア,2024/06,224
島根県,カンボジア,2025/06,211
島根県,スリランカ,2024/06,8
島根県,スリランカ,2025/06,17
島根県,タイ,2024/06,151
島根県,タイ,2025/06,164
島根県,ネパール,2024/06,273
島根県,ネパール,2025/06,348
島根県,バングラデシュ,2024/06,142
島根県,バングラデシュ,2025/06,177
島根県,パキスタン,2024/06,19
島根県,パキスタン,2025/06,81
島根県,フィリピン,2024/06,1111
島根県,フィリピン,2025/06,1179
島根県,ブラジル,2024/06,3838
島根県,ブラジル,2025/06,3980
島根県,ベトナム,2024/06,1746
島根県,ベトナム,2025/06,1988
島根県,ペルー,2024/06,8
島根県,ペルー,2025/06,8
島根県,ミャンマー,2024/06,364
島根県,ミャンマー,2025/06,509
島根県,モンゴル,2024/06,36
島根県,モンゴル,2025/06,38
島根県,中国,2024/06,1083
島根県,中国,2025/06,1095
島根県,台湾,2024/06,57
島根県,台湾,2025/06,45
島根県,米国,2024/06,159
島根県,米国,2025/06,177
島根県,総数,2024/06,10686
島根県,総数,2025/06,11652
島根県,英国,2024/06,30
島根県,英国,2025/06,29
島根県,韓国・朝鮮,2024/06,575
島根県,韓国・朝鮮,2025/06,563
広島県,その他,2024/06,2305
広島県,その他,2025/06,2474
広島県,インド,2024/06,532
広島県,インド,2025/06,592
広島県,インドネシア,2024/06,5133
広島県,インドネシア,2025/06,6789
広島県,カンボジア,2024/06,553
広島県,カンボジア,2025/06,522
広島県,スリランカ,2024/06,321
広島県,スリランカ,2025/06,439
広島県,タイ,2024/06,1535
広島県,タイ,2025/06,1653
広島県,ネパール,2024/06,2427
広島県,ネパール,2025/06,2994
広島県,バングラデシュ,2024/06,569
広島県,バングラデシュ,2025/06,729
広島県,パキスタン,2024/06,162
広島県,パキスタン,2025/06,201
広島県,フィリピン,2024/06,10194
広島県,フィリピン,2025/06,11023
広島県,ブラジル,2024/06,2319
広島県,ブラジル,2025/06,2299
広島県,ベトナム,2024/06,15308
広島県,ベトナム,2025/06,16110
広島県,ペルー,2024/06,684
広島県,ペルー,2025/06,689
広島県,ミャンマー,2024/06,1547
広島県,ミャンマー,2025/06,2378
広島県,モンゴル,2024/06,126
広島県,モンゴル,2025/06,115
広島県,中国,2024/06,12141
広島県,中国,2025/06,12367
広島県,台湾,2024/06,411
広島県,台湾,2025/06,474
広島県,米国,2024/06,822
広島県,米国,2025/06,848
広島県,総数,2024/06,64419
広島県,総数,2025/06,69897
広島県,英国,2024/06,222
広島県,英国,2025/06,225
広島県,韓国・朝鮮,2024/06,7108
広島県,韓国・朝鮮,2025/06,6976
徳島県,その他,2024/06,408
徳島県,その他,2025/06,468
徳島県,インド,2024/06,93
徳島県,インド,2025/06,103
徳島県,インドネシア,2024/06,976
徳島県,インドネシア,2025/06,1220
徳島県,カンボジア,2024/06,266
徳島県,カンボジア,2025/06,302
徳島県,スリランカ,2024/06,68
徳島県,スリランカ,2025/06,105
徳島県,タイ,2024/06,82
徳島県,タイ,2025/06,93
徳島県,ネパール,2024/06,272
徳島県,ネパール,2025/06,369
徳島県,バングラデシュ,2024/06,92
徳島県,バングラデシュ,2025/06,144
徳島県,パキスタン,2024/06,90
徳島県,パキスタン,2025/06,105
徳島県,フィリピン,2024/06,941
徳島県,フィリピン,2025/06,997
徳島県,ブラジル,2024/06,40
徳島県,ブラジル,2025/06,54
徳島県,ベトナム,2024/06,2288
徳島県,ベトナム,2025/06,2332
徳島県,ペルー,2024/06,15
徳島県,ペルー,2025/06,18
徳島県,ミャンマー,2024/06,408
徳島県,ミャンマー,2025/06,576
徳島県,モンゴル,2024/06,77
徳島県,モンゴル,2025/06,83
徳島県,中国,2024/06,1613
徳島県,中国,2025/06,1617
徳島県,台湾,2024/06,54
徳島県,台湾,2025/06,58
徳島県,米国,2024/06,184
徳島県,米国,2025/06,191
徳島県,総数,2024/06,8321
徳島県,総数,2025/06,9190
徳島県,英国,2024/06,37
徳島県,英国,2025/06,34
徳島県,韓国・朝鮮,2024/06,317
徳島県,韓国・朝鮮,2025/06,321
愛媛県,その他,2024/06,516
愛媛県,その他,2025/06,576
愛媛県,インド,2024/06,91
愛媛県,インド,2025/06,115
愛媛県,インドネシア,2024/06,1610
愛媛県,インドネシア,2025/06,2152
愛媛県,カンボジア,2024/06,436
愛媛県,カンボジア,2025/06,427
愛媛県,スリランカ,2024/06,107
愛媛県,スリランカ,2025/06,148
愛媛県,タイ,2024/06,170
愛媛県,タイ,2025/06,175
愛媛県,ネパール,2024/06,484
愛媛県,ネパール,2025/06,629
愛媛県,バングラデシュ,2024/06,100
愛媛県,バングラデシュ,2025/06,115
愛媛県,パキスタン,2024/06,58
愛媛県,パキスタン,2025/06,71
愛媛県,フィリピン,2024/06,3780
愛媛県,フィリピン,2025/06,4325
愛媛県,ブラジル,2024/06,244
愛媛県,ブラジル,2025/06,255
愛媛県,ベトナム,2024/06,4517
愛媛県,ベトナム,2025/06,4586
愛媛県,ペルー,2024/06,44
愛媛県,ペルー,2025/06,52
愛媛県,ミャンマー,2024/06,1078
愛媛県,ミャンマー,2025/06,1345
愛媛県,モンゴル,2024/06,16
愛媛県,モンゴル,2025/06,17
愛媛県,中国,2024/06,2617
愛媛県,中国,2025/06,2517
愛媛県,台湾,2024/06,112
愛媛県,台湾,2025/06,111
愛媛県,米国,2024/06,241
愛媛県,米国,2025/06,259
愛媛県,総数,2024/06,17439
愛媛県,総数,2025/06,19069
愛媛県,英国,2024/06,82
愛媛県,英国,2025/06,83
愛媛県,韓国・朝鮮,2024/06,1136
愛媛県,韓国・朝鮮,2025/06,1111
愛知県,その他,2024/06,11341
愛知県,その他,2025/06,12072
愛知県,インド,2024/06,1701
愛知県,インド,2025/06,2223
愛知県,インドネシア,2024/06,14112
愛知県,インドネシア,2025/06,18484
愛知県,カンボジア,2024/06,2104
愛知県,カンボジア,2025/06,2222
愛知県,スリランカ,2024/06,4299
愛知県,スリランカ,2025/06,5429
愛知県,タイ,2024/06,4372
愛知県,タイ,2025/06,4590
愛知県,ネパール,2024/06,16750
愛知県,ネパール,2025/06,21314
愛知県,バングラデシュ,2024/06,1293
愛知県,バングラデシュ,2025/06,1604
愛知県,パキスタン,2024/06,2725
愛知県,パキスタン,2025/06,3270
愛知県,フィリピン,2024/06,45852
愛知県,フィリピン,2025/06,47765
愛知県,ブラジル,2024/06,61305
愛知県,ブラジル,2025/06,61003
愛知県,ベトナム,2024/06,61045
愛知県,ベトナム,2025/06,67842
愛知県,ペルー,2024/06,7934
愛知県,ペルー,2025/06,7959
愛知県,ミャンマー,2024/06,5887
愛知県,ミャンマー,2025/06,8489
愛知県,モンゴル,2024/06,874
愛知県,モンゴル,2025/06,903
愛知県,中国,2024/06,46122
愛知県,中国,2025/06,47656
愛知県,台湾,2024/06,2216
愛知県,台湾,2025/06,2362
愛知県,米国,2024/06,2461
愛知県,米国,2025/06,2577
愛知県,総数,2024/06,321041
愛知県,総数,2025/06,345900
愛知県,英国,2024/06,702
愛知県,英国,2025/06,728
愛知県,韓国・朝鮮,2024/06,27946
愛知県,韓国・朝鮮,2025/06,27408
新潟県,その他,2024/06,1413
新潟県,その他,2025/06,1551
新潟県,インド,2024/06,140
新潟県,インド,2025/06,180
新潟県,インドネシア,2024/06,1671
新潟県,インドネシア,2025/06,2359
新潟県,カンボジア,2024/06,148
新潟県,カンボジア,2025/06,166
新潟県,スリランカ,2024/06,316
新潟県,スリランカ,2025/06,440
新潟県,タイ,2024/06,477
新潟県,タイ,2025/06,472
新潟県,ネパール,2024/06,972
新潟県,ネパール,2025/06,1363
新潟県,バングラデシュ,2024/06,142
新潟県,バングラデシュ,2025/06,168
新潟県,パキスタン,2024/06,426
新潟県,パキスタン,2025/06,455
新潟県,フィリピン,2024/06,3174
新潟県,フィリピン,2025/06,3402
新潟県,ブラジル,2024/06,305
新潟県,ブラジル,2025/06,296
新潟県,ベトナム,2024/06,4807
新潟県,ベトナム,2025/06,5218
新潟県,ペルー,2024/06,60
新潟県,ペルー,2025/06,59
新潟県,ミャンマー,2024/06,829
新潟県,ミャンマー,2025/06,1203
新潟県,モンゴル,2024/06,321
新潟県,モンゴル,2025/06,343
新潟県,中国,2024/06,4453
新潟県,中国,2025/06,4570
新潟県,台湾,2024/06,304
新潟県,台湾,2025/06,315
新潟県,米国,2024/06,373
新潟県,米国,2025/06,393
新潟県,総数,2024/06,22139
新潟県,総数,2025/06,24737
新潟県,英国,2024/06,132
新潟県,英国,2025/06,142
新潟県,韓国・朝鮮,2024/06,1676
新潟県,韓国・朝鮮,2025/06,1642
未定・不詳,その他,2024/06,1621
未定・不詳,その他,2025/06,1792
未定・不詳,インド,2024/06,305
未定・不詳,インド,2025/06,202
未定・不詳,インドネシア,2024/06,1086
未定・不詳,インドネシア,2025/06,426
未定・不詳,カンボジア,2024/06,40
未定・不詳,カンボジア,2025/06,34
未定・不詳,スリランカ,2024/06,428
未定・不詳,スリランカ,2025/06,161
未定・不詳,タイ,2024/06,207
未定・不詳,タイ,2025/06,148
未定・不詳,ネパール,2024/06,469
未定・不詳,ネパール,2025/06,146
未定・不詳,バングラデシュ,2024/06,96
未定・不詳,バングラデシュ,2025/06,55
未定・不詳,パキスタン,2024/06,85
未定・不詳,パキスタン,2025/06,58
未定・不詳,フィリピン,2024/06,545
未定・不詳,フィリピン,2025/06,293
未定・不詳,ブラジル,2024/06,118
未定・不詳,ブラジル,2025/06,44
未定・不詳,ベトナム,2024/06,1275
未定・不詳,ベトナム,2025/06,518
未定・不詳,ペルー,2024/06,25
未定・不詳,ペルー,2025/06,13
未定・不詳,ミャンマー,2024/06,447
未定・不詳,ミャンマー,2025/06,229
未定・不詳,モンゴル,2024/06,97
未定・不詳,モンゴル,2025/06,31
未定・不詳,中国,2024/06,2077
未定・不詳,中国,2025/06,1485
未定・不詳,台湾,2024/06,375
未定・不詳,台湾,2025/06,283
未定・不詳,米国,2024/06,491
未定・不詳,米国,2025/06,357
未定・不詳,総数,2024/06,10433
未定・不詳,総数,2025/06,6842
未定・不詳,英国,2024/06,144
未定・不詳,英国,2025/06,166
未定・不詳,韓国・朝鮮,2024/06,502
未定・不詳,韓国・朝鮮,2025/06,401
東京都,その他,2024/06,59237
東京都,その他,2025/06,62633
東京都,インド,2024/06,19290
東京都,インド,2025/06,20642
東京都,インドネシア,2024/06,11215
東京都,インドネシア,2025/06,14439
東京都,カンボジア,2024/06,1046
東京都,カンボジア,2025/06,1219
東京都,スリランカ,2024/06,4530
東京都,スリランカ,2025/06,5759
東京都,タイ,2024/06,9103
東京都,タイ,2025/06,9517
東京都,ネパール,2024/06,43148
東京都,ネパール,2025/06,58693
東京都,バングラデシュ,2024/06,7239
東京都,バングラデシュ,2025/06,8994
東京都,パキスタン,2024/06,1686
東京都,パキスタン,2025/06,1856
東京都,フィリピン,2024/06,36948
東京都,フィリピン,2025/06,38016
東京都,ブラジル,2024/06,4391
東京都,ブラジル,2025/06,4677
東京都,ベトナム,2024/06,50301
東京都,ベトナム,2025/06,57267
東京都,ペルー,2024/06,2231
東京都,ペルー,2025/06,2315
東京都,ミャンマー,2024/06,24800
東京都,ミャンマー,2025/06,35585
東京都,モンゴル,2024/06,5233
東京都,モンゴル,2025/06,5608
東京都,中国,2024/06,272328
東京都,中国,2025/06,294826
東京都,台湾,2024/06,23438
東京都,台湾,2025/06,24796
東京都,米国,2024/06,22007
東京都,米国,2025/06,23251
東京都,総数,2024/06,701955
東京都,総数,2025/06,775340
東京都,英国,2024/06,7307
東京都,英国,2025/06,7596
東京都,韓国・朝鮮,2024/06,96477
東京都,韓国・朝鮮,2025/06,97651
栃木県,その他,2024/06,2254
栃木県,その他,2025/06,2316
栃木県,インド,2024/06,1240
栃木県,インド,2025/06,1438
栃木県,インドネシア,2024/06,3438
栃木県,インドネシア,2025/06,4504
栃木県,カンボジア,2024/06,452
栃木県,カンボジア,2025/06,471
栃木県,スリランカ,2024/06,2951
栃木県,スリランカ,2025/06,3594
栃木県,タイ,2024/06,2076
栃木県,タイ,2025/06,2183
栃木県,ネパール,2024/06,3414
栃木県,ネパール,2025/06,4736
栃木県,バングラデシュ,2024/06,779
栃木県,バングラデシュ,2025/06,834
栃木県,パキスタン,2024/06,1937
栃木県,パキスタン,2025/06,2276
栃木県,フィリピン,2024/06,5511
栃木県,フィリピン,2025/06,5654
栃木県,ブラジル,2024/06,3996
栃木県,ブラジル,2025/06,3835
栃木県,ベトナム,2024/06,11206
栃木県,ベトナム,2025/06,12015
栃木県,ペルー,2024/06,3178
栃木県,ペルー,2025/06,3139
栃木県,ミャンマー,2024/06,1443
栃木県,ミャンマー,2025/06,2023
栃木県,モンゴル,2024/06,260
栃木県,モンゴル,2025/06,303
栃木県,中国,2024/06,6328
栃木県,中国,2025/06,6509
栃木県,台湾,2024/06,989
栃木県,台湾,2025/06,991
栃木県,米国,2024/06,555
栃木県,米国,2025/06,496
栃木県,総数,2024/06,54493
栃木県,総数,2025/06,59809
栃木県,英国,2024/06,139
栃木県,英国,2025/06,138
栃木県,韓国・朝鮮,2024/06,2347
栃木県,韓国・朝鮮,2025/06,2354
沖縄県,その他,2024/06,2187
沖縄県,その他,2025/06,2388
沖縄県,インド,2024/06,416
沖縄県,インド,2025/06,429
沖縄県,インドネシア,2024/06,2738
沖縄県,インドネシア,2025/06,3562
沖縄県,カンボジア,2024/06,117
沖縄県,カンボジア,2025/06,121
沖縄県,スリランカ,2024/06,327
沖縄県,スリランカ,2025/06,487
沖縄県,タイ,2024/06,333
沖縄県,タイ,2025/06,364
沖縄県,ネパール,2024/06,4873
沖縄県,ネパール,2025/06,6178
沖縄県,バングラデシュ,2024/06,92
沖縄県,バングラデシュ,2025/06,133
沖縄県,パキスタン,2024/06,63
沖縄県,パキスタン,2025/06,105
沖縄県,フィリピン,2024/06,2673
沖縄県,フィリピン,2025/06,2842
沖縄県,ブラジル,2024/06,921
沖縄県,ブラジル,2025/06,1012
沖縄県,ベトナム,2024/06,2659
沖縄県,ベトナム,2025/06,2906
沖縄県,ペルー,2024/06,288
沖縄県,ペルー,2025/06,301
沖縄県,ミャンマー,2024/06,711
沖縄県,ミャンマー,2025/06,1315
沖縄県,モンゴル,2024/06,43
沖縄県,モンゴル,2025/06,43
沖縄県,中国,2024/06,2969
沖縄県,中国,2025/06,3249
沖縄県,台湾,2024/06,963
沖縄県,台湾,2025/06,970
沖縄県,米国,2024/06,2830
沖縄県,米国,2025/06,2972
沖縄県,総数,2024/06,26996
沖縄県,総数,2025/06,31249
沖縄県,英国,2024/06,287
沖縄県,英国,2025/06,290
沖縄県,韓国・朝鮮,2024/06,1506
沖縄県,韓国・朝鮮,2025/06,1582
滋賀県,その他,2024/06,1567
滋賀県,その他,2025/06,1597
滋賀県,インド,2024/06,255
滋賀県,インド,2025/06,302
滋賀県,インドネシア,2024/06,2519
滋賀県,インドネシア,2025/06,3144
滋賀県,カンボジア,2024/06,237
滋賀県,カンボジア,2025/06,254
滋賀県,スリランカ,2024/06,130
滋賀県,スリランカ,2025/06,198
滋賀県,タイ,2024/06,547
滋賀県,タイ,2025/06,582
滋賀県,ネパール,2024/06,694
滋賀県,ネパール,2025/06,933
滋賀県,バングラデシュ,2024/06,100
滋賀県,バングラデシュ,2025/06,142
滋賀県,パキスタン,2024/06,68
滋賀県,パキスタン,2025/06,90
滋賀県,フィリピン,2024/06,3277
滋賀県,フィリピン,2025/06,3493
滋賀県,ブラジル,2024/06,9618
滋賀県,ブラジル,2025/06,9333
滋賀県,ベトナム,2024/06,10434
滋賀県,ベトナム,2025/06,11777
滋賀県,ペルー,2024/06,1599
滋賀県,ペルー,2025/06,1590
滋賀県,ミャンマー,2024/06,893
滋賀県,ミャンマー,2025/06,1406
滋賀県,モンゴル,2024/06,76
滋賀県,モンゴル,2025/06,89
滋賀県,中国,2024/06,4745
滋賀県,中国,2025/06,4731
滋賀県,台湾,2024/06,274
滋賀県,台湾,2025/06,270
滋賀県,米国,2024/06,393
滋賀県,米国,2025/06,425
滋賀県,総数,2024/06,41490
滋賀県,総数,2025/06,44345
滋賀県,英国,2024/06,96
滋賀県,英国,2025/06,102
滋賀県,韓国・朝鮮,2024/06,3968
滋賀県,韓国・朝鮮,2025/06,3887
熊本県,その他,2024/06,919
熊本県,その他,2025/06,895
熊本県,インド,2024/06,140
熊本県,インド,2025/06,149
熊本県,インドネシア,2024/06,3062
熊本県,インドネシア,2025/06,4047
熊本県,カンボジア,2024/06,1463
熊本県,カンボジア,2025/06,1556
熊本県,スリランカ,2024/06,218
熊本県,スリランカ,2025/06,309
熊本県,タイ,2024/06,450
熊本県,タイ,2025/06,455
熊本県,ネパール,2024/06,1602
熊本県,ネパール,2025/06,1977
熊本県,バングラデシュ,2024/06,110
熊本県,バングラデシュ,2025/06,143
熊本県,パキスタン,2024/06,195
熊本県,パキスタン,2025/06,221
熊本県,フィリピン,2024/06,3952
熊本県,フィリピン,2025/06,4223
熊本県,ブラジル,2024/06,78
熊本県,ブラジル,2025/06,86
熊本県,ベトナム,2024/06,6779
熊本県,ベトナム,2025/06,7054
熊本県,ペルー,2024/06,10
熊本県,ペルー,2025/06,7
熊本県,ミャンマー,2024/06,1591
熊本県,ミャンマー,2025/06,2361
熊本県,モンゴル,2024/06,45
熊本県,モンゴル,2025/06,41
熊本県,中国,2024/06,3394
熊本県,中国,2025/06,3517
熊本県,台湾,2024/06,1753
熊本県,台湾,2025/06,2108
熊本県,米国,2024/06,438
熊本県,米国,2025/06,442
熊本県,総数,2024/06,27407
熊本県,総数,2025/06,30825
熊本県,英国,2024/06,117
熊本県,英国,2025/06,121
熊本県,韓国・朝鮮,2024/06,1091
熊本県,韓国・朝鮮,2025/06,1113
石川県,その他,2024/06,788
石川県,その他,2025/06,842
石川県,インド,2024/06,186
石川県,インド,2025/06,215
石川県,インドネシア,2024/06,1819
石川県,インドネシア,2025/06,2410
石川県,カンボジア,2024/06,164
石川県,カンボジア,2025/06,186
石川県,スリランカ,2024/06,76
石川県,スリランカ,2025/06,146
石川県,タイ,2024/06,348
石川県,タイ,2025/06,403
石川県,ネパール,2024/06,650
石川県,ネパール,2025/06,841
石川県,バングラデシュ,2024/06,241
石川県,バングラデシュ,2025/06,291
石川県,パキスタン,2024/06,71
石川県,パキスタン,2025/06,64
石川県,フィリピン,2024/06,1594
石川県,フィリピン,2025/06,1721
石川県,ブラジル,2024/06,1716
石川県,ブラジル,2025/06,1715
石川県,ベトナム,2024/06,5548
石川県,ベトナム,2025/06,5867
石川県,ペルー,2024/06,90
石川県,ペルー,2025/06,98
石川県,ミャンマー,2024/06,931
石川県,ミャンマー,2025/06,1487
石川県,モンゴル,2024/06,114
石川県,モンゴル,2025/06,120
石川県,中国,2024/06,3915
石川県,中国,2025/06,3913
石川県,台湾,2024/06,232
石川県,台湾,2025/06,228
石川県,米国,2024/06,336
石川県,米国,2025/06,341
石川県,総数,2024/06,20234
石川県,総数,2025/06,22294
石川県,英国,2024/06,90
石川県,英国,2025/06,96
石川県,韓国・朝鮮,2024/06,1325
石川県,韓国・朝鮮,2025/06,1310
神奈川県,その他,2024/06,20476
神奈川県,その他,2025/06,21431
神奈川県,インド,2024/06,8161
神奈川県,インド,2025/06,8056
神奈川県,インドネシア,2024/06,9322
神奈川県,インドネシア,2025/06,12216
神奈川県,カンボジア,2024/06,2736
神奈川県,カンボジア,2025/06,2983
神奈川県,スリランカ,2024/06,6686
神奈川県,スリランカ,2025/06,8456
神奈川県,タイ,2024/06,4858
神奈川県,タイ,2025/06,5187
神奈川県,ネパール,2024/06,13631
神奈川県,ネパール,2025/06,17951
神奈川県,バングラデシュ,2024/06,2272
神奈川県,バングラデシュ,2025/06,2752
神奈川県,パキスタン,2024/06,1629
神奈川県,パキスタン,2025/06,1765
神奈川県,フィリピン,2024/06,26826
神奈川県,フィリピン,2025/06,27814
神奈川県,ブラジル,2024/06,9474
神奈川県,ブラジル,2025/06,9464
神奈川県,ベトナム,2024/06,37867
神奈川県,ベトナム,2025/06,43152
神奈川県,ペルー,2024/06,6497
神奈川県,ペルー,2025/06,6454
神奈川県,ミャンマー,2024/06,4946
神奈川県,ミャンマー,2025/06,8078
神奈川県,モンゴル,2024/06,1944
神奈川県,モンゴル,2025/06,1983
神奈川県,中国,2024/06,78979
神奈川県,中国,2025/06,84236
神奈川県,台湾,2024/06,6182
神奈川県,台湾,2025/06,6472
神奈川県,米国,2024/06,6871
神奈川県,米国,2025/06,7135
神奈川県,総数,2024/06,280020
神奈川県,総数,2025/06,306363
神奈川県,英国,2024/06,1847
神奈川県,英国,2025/06,1948
神奈川県,韓国・朝鮮,2024/06,28816
神奈川県,韓国・朝鮮,2025/06,28830
福井県,その他,2024/06,401
福井県,その他,2025/06,405
福井県,インド,2024/06,51
福井県,インド,2025/06,55
福井県,インドネシア,2024/06,1131
福井県,インドネシア,2025/06,1564
福井県,カンボジア,2024/06,360
福井県,カンボジア,2025/06,357
福井県,スリランカ,2024/06,70
福井県,スリランカ,2025/06,83
福井県,タイ,2024/06,302
福井県,タイ,2025/06,471
福井県,ネパール,2024/06,403
福井県,ネパール,2025/06,541
福井県,バングラデシュ,2024/06,125
福井県,バングラデシュ,2025/06,186
福井県,パキスタン,2024/06,24
福井県,パキスタン,2025/06,35
福井県,フィリピン,2024/06,2221
福井県,フィリピン,2025/06,2399
福井県,ブラジル,2024/06,4780
福井県,ブラジル,2025/06,5128
福井県,ベトナム,2024/06,3873
福井県,ベトナム,2025/06,4085
福井県,ペルー,2024/06,66
福井県,ペルー,2025/06,63
福井県,ミャンマー,2024/06,737
福井県,ミャンマー,2025/06,1091
福井県,モンゴル,2024/06,52
福井県,モンゴル,2025/06,54
福井県,中国,2024/06,1987
福井県,中国,2025/06,1965
福井県,台湾,2024/06,118
福井県,台湾,2025/06,116
福井県,米国,2024/06,209
福井県,米国,2025/06,222
福井県,総数,2024/06,18937
福井県,総数,2025/06,20783
福井県,英国,2024/06,31
福井県,英国,2025/06,29
福井県,韓国・朝鮮,2024/06,1996
福井県,韓国・朝鮮,2025/06,1934
福岡県,その他,2024/06,4914
福岡県,その他,2025/06,5140
福岡県,インド,2024/06,609
福岡県,インド,2025/06,697
福岡県,インドネシア,2024/06,5416
福岡県,インドネシア,2025/06,7938
福岡県,カンボジア,2024/06,859
福岡県,カンボジア,2025/06,964
福岡県,スリランカ,2024/06,1413
福岡県,スリランカ,2025/06,2066
福岡県,タイ,2024/06,854
福岡県,タイ,2025/06,908
福岡県,ネパール,2024/06,16191
福岡県,ネパール,2025/06,20896
福岡県,バングラデシュ,2024/06,458
福岡県,バングラデシュ,2025/06,701
福岡県,パキスタン,2024/06,492
福岡県,パキスタン,2025/06,615
福岡県,フィリピン,2024/06,6891
福岡県,フィリピン,2025/06,7480
福岡県,ブラジル,2024/06,414
福岡県,ブラジル,2025/06,389
福岡県,ベトナム,2024/06,21884
福岡県,ベトナム,2025/06,23169
福岡県,ペルー,2024/06,240
福岡県,ペルー,2025/06,230
福岡県,ミャンマー,2024/06,3955
福岡県,ミャンマー,2025/06,5881
福岡県,モンゴル,2024/06,303
福岡県,モンゴル,2025/06,324
福岡県,中国,2024/06,20998
福岡県,中国,2025/06,22371
福岡県,台湾,2024/06,1354
福岡県,台湾,2025/06,1541
福岡県,米国,2024/06,1707
福岡県,米国,2025/06,1860
福岡県,総数,2024/06,105049
福岡県,総数,2025/06,119392
福岡県,英国,2024/06,622
福岡県,英国,2025/06,682
福岡県,韓国・朝鮮,2024/06,15475
福岡県,韓国・朝鮮,2025/06,15540
福島県,その他,2024/06,795
福島県,その他,2025/06,787
福島県,インド,2024/06,208
福島県,インド,2025/06,251
福島県,インドネシア,2024/06,1452
福島県,インドネシア,2025/06,1914
福島県,カンボジア,2024/06,191
福島県,カンボジア,2025/06,222
福島県,スリランカ,2024/06,230
福島県,スリランカ,2025/06,277
福島県,タイ,2024/06,389
福島県,タイ,2025/06,392
福島県,ネパール,2024/06,1175
福島県,ネパール,2025/06,1432
福島県,バングラデシュ,2024/06,169
福島県,バングラデシュ,2025/06,172
福島県,パキスタン,2024/06,230
福島県,パキスタン,2025/06,268
福島県,フィリピン,2024/06,3014
福島県,フィリピン,2025/06,3246
福島県,ブラジル,2024/06,215
福島県,ブラジル,2025/06,204
福島県,ベトナム,2024/06,4707
福島県,ベトナム,2025/06,5153
福島県,ペルー,2024/06,44
福島県,ペルー,2025/06,50
福島県,ミャンマー,2024/06,926
福島県,ミャンマー,2025/06,1146
福島県,モンゴル,2024/06,126
福島県,モンゴル,2025/06,124
福島県,中国,2024/06,3086
福島県,中国,2025/06,3127
福島県,台湾,2024/06,149
福島県,台湾,2025/06,142
福島県,米国,2024/06,298
福島県,米国,2025/06,299
福島県,総数,2024/06,18936
福島県,総数,2025/06,20708
福島県,英国,2024/06,110
福島県,英国,2025/06,100
福島県,韓国・朝鮮,2024/06,1422
福島県,韓国・朝鮮,2025/06,1402
秋田県,その他,2024/06,442
秋田県,その他,2025/06,469
秋田県,インド,2024/06,40
秋田県,インド,2025/06,50
秋田県,インドネシア,2024/06,427
秋田県,インドネシア,2025/06,567
秋田県,カンボジア,2024/06,90
秋田県,カンボジア,2025/06,101
秋田県,スリランカ,2024/06,163
秋田県,スリランカ,2025/06,125
秋田県,タイ,2024/06,96
秋田県,タイ,2025/06,99
秋田県,ネパール,2024/06,139
秋田県,ネパール,2025/06,179
秋田県,バングラデシュ,2024/06,13
秋田県,バングラデシュ,2025/06,15
秋田県,パキスタン,2024/06,47
秋田県,パキスタン,2025/06,66
秋田県,フィリピン,2024/06,979
秋田県,フィリピン,2025/06,1012
秋田県,ブラジル,2024/06,12
秋田県,ブラジル,2025/06,15
秋田県,ベトナム,2024/06,1023
秋田県,ベトナム,2025/06,1099
秋田県,ペルー,2024/06,8
秋田県,ペルー,2025/06,7
秋田県,ミャンマー,2024/06,220
秋田県,ミャンマー,2025/06,365
秋田県,モンゴル,2024/06,83
秋田県,モンゴル,2025/06,91
秋田県,中国,2024/06,947
秋田県,中国,2025/06,955
秋田県,台湾,2024/06,49
秋田県,台湾,2025/06,53
秋田県,米国,2024/06,224
秋田県,米国,2025/06,254
秋田県,総数,2024/06,5571
秋田県,総数,2025/06,6097
秋田県,英国,2024/06,48
秋田県,英国,2025/06,57
秋田県,韓国・朝鮮,2024/06,521
秋田県,韓国・朝鮮,2025/06,518
総数,その他,2024/06,196843
総数,その他,2025/06,211008
総数,インド,2024/06,51345
総数,インド,2025/06,56686
総数,インドネシア,2024/06,173813
総数,インドネシア,2025/06,230689
総数,カンボジア,2024/06,25384
総数,カンボジア,2025/06,27887
総数,スリランカ,2024/06,56179
総数,スリランカ,2025/06,73067
総数,タイ,2024/06,63689
総数,タイ,2025/06,66624
総数,ネパール,2024/06,206898
総数,ネパール,2025/06,273229
総数,バングラデシュ,2024/06,31536
総数,バングラデシュ,2025/06,40045
総数,パキスタン,2024/06,27642
総数,パキスタン,2025/06,32478
総数,フィリピン,2024/06,332293
総数,フィリピン,2025/06,349714
総数,ブラジル,2024/06,212325
総数,ブラジル,2025/06,211229
総数,ベトナム,2024/06,600348
総数,ベトナム,2025/06,660483
総数,ペルー,2024/06,49247
総数,ペルー,2025/06,49220
総数,ミャンマー,2024/06,110306
総数,ミャンマー,2025/06,160362
総数,モンゴル,2024/06,20416
総数,モンゴル,2025/06,21186
総数,中国,2024/06,844187
総数,中国,2025/06,900738
総数,台湾,2024/06,67277
総数,台湾,2025/06,71125
総数,米国,2024/06,64842
総数,米国,2025/06,68022
総数,総数,2024/06,3588956
総数,総数,2025/06,3956619
総数,英国,2024/06,19587
総数,英国,2025/06,20532
総数,韓国・朝鮮,2024/06,434799
総数,韓国・朝鮮,2025/06,432295
群馬県,その他,2024/06,2918
群馬県,その他,2025/06,3038
群馬県,インド,2024/06,1310
群馬県,インド,2025/06,1823
群馬県,インドネシア,2024/06,5741
群馬県,インドネシア,2025/06,7389
群馬県,カンボジア,2024/06,485
群馬県,カンボジア,2025/06,535
群馬県,スリランカ,2024/06,1785
群馬県,スリランカ,2025/06,2342
群馬県,タイ,2024/06,1365
群馬県,タイ,2025/06,1446
群馬県,ネパール,2024/06,5587
群馬県,ネパール,2025/06,6938
群馬県,バングラデシュ,2024/06,1907
群馬県,バングラデシュ,2025/06,2339
群馬県,パキスタン,2024/06,1518
群馬県,パキスタン,2025/06,1634
群馬県,フィリピン,2024/06,9395
群馬県,フィリピン,2025/06,9697
群馬県,ブラジル,2024/06,13829
群馬県,ブラジル,2025/06,14127
群馬県,ベトナム,2024/06,15222
群馬県,ベトナム,2025/06,16457
群馬県,ペルー,2024/06,4918
群馬県,ペルー,2025/06,4922
群馬県,ミャンマー,2024/06,2943
群馬県,ミャンマー,2025/06,3836
群馬県,モンゴル,2024/06,483
群馬県,モンゴル,2025/06,447
群馬県,中国,2024/06,6603
群馬県,中国,2025/06,6890
群馬県,台湾,2024/06,454
群馬県,台湾,2025/06,455
群馬県,米国,2024/06,554
群馬県,米国,2025/06,570
群馬県,総数,2024/06,79470
群馬県,総数,2025/06,87299
群馬県,英国,2024/06,126
群馬県,英国,2025/06,136
群馬県,韓国・朝鮮,2024/06,2327
群馬県,韓国・朝鮮,2025/06,2278
茨城県,その他,2024/06,4891
茨城県,その他,2025/06,5044
茨城県,インド,2024/06,2085
茨城県,インド,2025/06,2506
茨城県,インドネシア,2024/06,9348
茨城県,インドネシア,2025/06,11381
茨城県,カンボジア,2024/06,1426
茨城県,カンボジア,2025/06,1521
茨城県,スリランカ,2024/06,5012
茨城県,スリランカ,2025/06,6281
茨城県,タイ,2024/06,5512
茨城県,タイ,2025/06,5679
茨城県,ネパール,2024/06,3425
茨城県,ネパール,2025/06,4842
茨城県,バングラデシュ,2024/06,1377
茨城県,バングラデシュ,2025/06,1739
茨城県,パキスタン,2024/06,3143
茨城県,パキスタン,2025/06,3750
茨城県,フィリピン,2024/06,11631
茨城県,フィリピン,2025/06,12109
茨城県,ブラジル,2024/06,6068
茨城県,ブラジル,2025/06,5764
茨城県,ベトナム,2024/06,19279
茨城県,ベトナム,2025/06,20704
茨城県,ペルー,2024/06,1643
茨城県,ペルー,2025/06,1612
茨城県,ミャンマー,2024/06,2313
茨城県,ミャンマー,2025/06,3072
茨城県,モンゴル,2024/06,564
茨城県,モンゴル,2025/06,569
茨城県,中国,2024/06,12532
茨城県,中国,2025/06,13040
茨城県,台湾,2024/06,1348
茨城県,台湾,2025/06,1403
茨城県,米国,2024/06,900
茨城県,米国,2025/06,926
茨城県,総数,2024/06,97038
茨城県,総数,2025/06,106490
茨城県,英国,2024/06,239
茨城県,英国,2025/06,231
茨城県,韓国・朝鮮,2024/06,4302
茨城県,韓国・朝鮮,2025/06,4317
長崎県,その他,2024/06,770
長崎県,その他,2025/06,778
長崎県,インド,2024/06,121
長崎県,インド,2025/06,125
長崎県,インドネシア,2024/06,1512
長崎県,インドネシア,2025/06,2177
長崎県,カンボジア,2024/06,518
長崎県,カンボジア,2025/06,549
長崎県,スリランカ,2024/06,157
長崎県,スリランカ,2025/06,217
長崎県,タイ,2024/06,118
長崎県,タイ,2025/06,112
長崎県,ネパール,2024/06,1426
長崎県,ネパール,2025/06,1746
長崎県,バングラデシュ,2024/06,31
長崎県,バングラデシュ,2025/06,61
長崎県,パキスタン,2024/06,16
長崎県,パキスタン,2025/06,18
長崎県,フィリピン,2024/06,1650
長崎県,フィリピン,2025/06,1931
長崎県,ブラジル,2024/06,64
長崎県,ブラジル,2025/06,71
長崎県,ベトナム,2024/06,3004
長崎県,ベトナム,2025/06,3241
長崎県,ペルー,2024/06,17
長崎県,ペルー,2025/06,25
長崎県,ミャンマー,2024/06,946
長崎県,ミャンマー,2025/06,1402
長崎県,モンゴル,2024/06,25
長崎県,モンゴル,2025/06,22
長崎県,中国,2024/06,2072
長崎県,中国,2025/06,2100
長崎県,台湾,2024/06,140
長崎県,台湾,2025/06,144
長崎県,米国,2024/06,517
長崎県,米国,2025/06,518
長崎県,総数,2024/06,14277
長崎県,総数,2025/06,16393
長崎県,英国,2024/06,79
長崎県,英国,2025/06,79
長崎県,韓国・朝鮮,2024/06,1094
長崎県,韓国・朝鮮,2025/06,1077
長野県,その他,2024/06,2524
長野県,その他,2025/06,2819
長野県,インド,2024/06,154
長野県,インド,2025/06,181
長野県,インドネシア,2024/06,3911
長野県,インドネシア,2025/06,4926
長野県,カンボジア,2024/06,348
長野県,カンボジア,2025/06,344
長野県,スリランカ,2024/06,458
長野県,スリランカ,2025/06,596
長野県,タイ,2024/06,2654
長野県,タイ,2025/06,2789
長野県,ネパール,2024/06,1393
長野県,ネパール,2025/06,2002
長野県,バングラデシュ,2024/06,181
長野県,バングラデシュ,2025/06,194
長野県,パキスタン,2024/06,439
長野県,パキスタン,2025/06,488
長野県,フィリピン,2024/06,5488
長野県,フィリピン,2025/06,5760
長野県,ブラジル,2024/06,4858
長野県,ブラジル,2025/06,4653
長野県,ベトナム,2024/06,7136
長野県,ベトナム,2025/06,7581
長野県,ペルー,2024/06,461
長野県,ペルー,2025/06,443
長野県,ミャンマー,2024/06,1022
長野県,ミャンマー,2025/06,1500
長野県,モンゴル,2024/06,146
長野県,モンゴル,2025/06,158
長野県,中国,2024/06,8456
長野県,中国,2025/06,8523
長野県,台湾,2024/06,785
長野県,台湾,2025/06,831
長野県,米国,2024/06,773
長野県,米国,2025/06,827
長野県,総数,2024/06,44834
長野県,総数,2025/06,48288
長野県,英国,2024/06,327
長野県,英国,2025/06,377
長野県,韓国・朝鮮,2024/06,3320
長野県,韓国・朝鮮,2025/06,3296
青森県,その他,2024/06,345
青森県,その他,2025/06,357
青森県,インド,2024/06,52
青森県,インド,2025/06,63
青森県,インドネシア,2024/06,837
青森県,インドネシア,2025/06,1225
青森県,カンボジア,2024/06,212
青森県,カンボジア,2025/06,226
青森県,スリランカ,2024/06,34
青森県,スリランカ,2025/06,48
青森県,タイ,2024/06,170
青森県,タイ,2025/06,165
青森県,ネパール,2024/06,224
青森県,ネパール,2025/06,253
青森県,バングラデシュ,2024/06,22
青森県,バングラデシュ,2025/06,20
青森県,パキスタン,2024/06,94
青森県,パキスタン,2025/06,130
青森県,フィリピン,2024/06,911
青森県,フィリピン,2025/06,1048
青森県,ブラジル,2024/06,35
青森県,ブラジル,2025/06,36
青森県,ベトナム,2024/06,2381
青森県,ベトナム,2025/06,2399
青森県,ペルー,2024/06,10
青森県,ペルー,2025/06,11
青森県,ミャンマー,2024/06,413
青森県,ミャンマー,2025/06,616
青森県,モンゴル,2024/06,65
青森県,モンゴル,2025/06,60
青森県,中国,2024/06,983
青森県,中国,2025/06,1035
青森県,台湾,2024/06,88
青森県,台湾,2025/06,78
青森県,米国,2024/06,405
青森県,米国,2025/06,425
青森県,総数,2024/06,8045
青森県,総数,2025/06,8949
青森県,英国,2024/06,35
青森県,英国,2025/06,34
青森県,韓国・朝鮮,2024/06,729
青森県,韓国・朝鮮,2025/06,720
静岡県,その他,2024/06,3326
静岡県,その他,2025/06,3520
静岡県,インド,2024/06,1113
静岡県,インド,2025/06,1206
静岡県,インドネシア,2024/06,6579
静岡県,インドネシア,2025/06,8282
静岡県,カンボジア,2024/06,539
静岡県,カンボジア,2025/06,656
静岡県,スリランカ,2024/06,2579
静岡県,スリランカ,2025/06,3280
静岡県,タイ,2024/06,1788
静岡県,タイ,2025/06,1848
静岡県,ネパール,2024/06,5502
静岡県,ネパール,2025/06,7110
静岡県,バングラデシュ,2024/06,579
静岡県,バングラデシュ,2025/06,698
静岡県,パキスタン,2024/06,613
静岡県,パキスタン,2025/06,691
静岡県,フィリピン,2024/06,20251
静岡県,フィリピン,2025/06,21168
静岡県,ブラジル,2024/06,32526
静岡県,ブラジル,2025/06,31635
静岡県,ベトナム,2024/06,19133
静岡県,ベトナム,2025/06,20933
静岡県,ペルー,2024/06,4804
静岡県,ペルー,2025/06,4760
静岡県,ミャンマー,2024/06,3842
静岡県,ミャンマー,2025/06,5046
静岡県,モンゴル,2024/06,230
静岡県,モンゴル,2025/06,232
静岡県,中国,2024/06,10360
静岡県,中国,2025/06,10734
静岡県,台湾,2024/06,841
静岡県,台湾,2025/06,848
静岡県,米国,2024/06,879
静岡県,米国,2025/06,918
静岡県,総数,2024/06,120314
静岡県,総数,2025/06,128311
静岡県,英国,2024/06,281
静岡県,英国,2025/06,280
静岡県,韓国・朝鮮,2024/06,4549
静岡県,韓国・朝鮮,2025/06,4466
香川県,その他,2024/06,663
香川県,その他,2025/06,651
香川県,インド,2024/06,72
香川県,インド,2025/06,92
香川県,インドネシア,2024/06,3004
香川県,インドネシア,2025/06,3959
香川県,カンボジア,2024/06,667
香川県,カンボジア,2025/06,763
香川県,スリランカ,2024/06,85
香川県,スリランカ,2025/06,117
香川県,タイ,2024/06,159
香川県,タイ,2025/06,171
香川県,ネパール,2024/06,523
香川県,ネパール,2025/06,643
香川県,バングラデシュ,2024/06,99
香川県,バングラデシュ,2025/06,142
香川県,パキスタン,2024/06,101
香川県,パキスタン,2025/06,101
香川県,フィリピン,2024/06,2750
香川県,フィリピン,2025/06,2993
香川県,ブラジル,2024/06,180
香川県,ブラジル,2025/06,169
香川県,ベトナム,2024/06,4328
香川県,ベトナム,2025/06,4751
香川県,ペルー,2024/06,425
香川県,ペルー,2025/06,420
香川県,ミャンマー,2024/06,1021
香川県,ミャンマー,2025/06,1319
香川県,モンゴル,2024/06,58
香川県,モンゴル,2025/06,60
香川県,中国,2024/06,3066
香川県,中国,2025/06,3069
香川県,台湾,2024/06,126
香川県,台湾,2025/06,139
香川県,米国,2024/06,199
香川県,米国,2025/06,214
香川県,総数,2024/06,18415
香川県,総数,2025/06,20671
香川県,英国,2024/06,65
香川県,英国,2025/06,60
香川県,韓国・朝鮮,2024/06,824
香川県,韓国・朝鮮,2025/06,838
高知県,その他,2024/06,308
高知県,その他,2025/06,310
高知県,インド,2024/06,93
高知県,インド,2025/06,115
高知県,インドネシア,2024/06,972
高知県,インドネシア,2025/06,1250
高知県,カンボジア,2024/06,148
高知県,カンボジア,2025/06,172
高知県,スリランカ,2024/06,25
高知県,スリランカ,2025/06,40
高知県,タイ,2024/06,76
高知県,タイ,2025/06,79
高知県,ネパール,2024/06,143
高知県,ネパール,2025/06,159
高知県,バングラデシュ,2024/06,95
高知県,バングラデシュ,2025/06,107
高知県,パキスタン,2024/06,19
高知県,パキスタン,2025/06,22
高知県,フィリピン,2024/06,898
高知県,フィリピン,2025/06,970
高知県,ブラジル,2024/06,24
高知県,ブラジル,2025/06,24
高知県,ベトナム,2024/06,1495
高知県,ベトナム,2025/06,1559
高知県,ペルー,2024/06,8
高知県,ペルー,2025/06,10
高知県,ミャンマー,2024/06,315
高知県,ミャンマー,2025/06,403
高知県,モンゴル,2024/06,44
高知県,モンゴル,2025/06,51
高知県,中国,2024/06,937
高知県,中国,2025/06,957
高知県,台湾,2024/06,66
高知県,台湾,2025/06,65
高知県,米国,2024/06,178
高知県,米国,2025/06,182
高知県,総数,2024/06,6379
高知県,総数,2025/06,6996
高知県,英国,2024/06,73
高知県,英国,2025/06,68
高知県,韓国・朝鮮,2024/06,462
高知県,韓国・朝鮮,2025/06,453
鳥取県,その他,2024/06,302
鳥取県,その他,2025/06,310
鳥取県,インド,2024/06,39
鳥取県,インド,2025/06,50
鳥取県,インドネシア,2024/06,443
鳥取県,インドネシア,2025/06,568
鳥取県,カンボジア,2024/06,103
鳥取県,カンボジア,2025/06,104
鳥取県,スリランカ,2024/06,35
鳥取県,スリランカ,2025/06,37
鳥取県,タイ,2024/06,90
鳥取県,タイ,2025/06,75
鳥取県,ネパール,2024/06,205
鳥取県,ネパール,2025/06,228
鳥取県,バングラデシュ,2024/06,29
鳥取県,バングラデシュ,2025/06,35
鳥取県,パキスタン,2024/06,46
鳥取県,パキスタン,2025/06,50
鳥取県,フィリピン,2024/06,730
鳥取県,フィリピン,2025/06,808
鳥取県,ブラジル,2024/06,35
鳥取県,ブラジル,2025/06,56
鳥取県,ベトナム,2024/06,1607
鳥取県,ベトナム,2025/06,1629
鳥取県,ペルー,2024/06,2
鳥取県,ペルー,2025/06,3
鳥取県,ミャンマー,2024/06,338
鳥取県,ミャンマー,2025/06,530
鳥取県,モンゴル,2024/06,52
鳥取県,モンゴル,2025/06,45
鳥取県,中国,2024/06,730
鳥取県,中国,2025/06,724
鳥取県,台湾,2024/06,62
鳥取県,台湾,2025/06,60
鳥取県,米国,2024/06,89
鳥取県,米国,2025/06,95
鳥取県,総数,2024/06,5864
鳥取県,総数,2025/06,6315
鳥取県,英国,2024/06,42
鳥取県,英国,2025/06,42
鳥取県,韓国・朝鮮,2024/06,885
鳥取県,韓国・朝鮮,2025/06,866
鹿児島県,その他,2024/06,684
鹿児島県,その他,2025/06,711
鹿児島県,インド,2024/06,59
鹿児島県,インド,2025/06,78
鹿児島県,インドネシア,2024/06,3062
鹿児島県,インドネシア,2025/06,4372
鹿児島県,カンボジア,2024/06,253
鹿児島県,カンボジア,2025/06,289
鹿児島県,スリランカ,2024/06,100
鹿児島県,スリランカ,2025/06,167
鹿児島県,タイ,2024/06,115
鹿児島県,タイ,2025/06,143
鹿児島県,ネパール,2024/06,732
鹿児島県,ネパール,2025/06,884
鹿児島県,バングラデシュ,2024/06,72
鹿児島県,バングラデシュ,2025/06,83
鹿児島県,パキスタン,2024/06,102
鹿児島県,パキスタン,2025/06,115
鹿児島県,フィリピン,2024/06,2548
鹿児島県,フィリピン,2025/06,2754
鹿児島県,ブラジル,2024/06,114
鹿児島県,ブラジル,2025/06,115
鹿児島県,ベトナム,2024/06,5520
鹿児島県,ベトナム,2025/06,5569
鹿児島県,ペルー,2024/06,16
鹿児島県,ペルー,2025/06,19
鹿児島県,ミャンマー,2024/06,1172
鹿児島県,ミャンマー,2025/06,1893
鹿児島県,モンゴル,2024/06,31
鹿児島県,モンゴル,2025/06,30
鹿児島県,中国,2024/06,1705
鹿児島県,中国,2025/06,1724
鹿児島県,台湾,2024/06,135
鹿児島県,台湾,2025/06,159
鹿児島県,米国,2024/06,311
鹿児島県,米国,2025/06,320
鹿児島県,総数,2024/06,17358
鹿児島県,総数,2025/06,20032
鹿児島県,英国,2024/06,107
鹿児島県,英国,2025/06,104
鹿児島県,韓国・朝鮮,2024/06,520
鹿児島県,韓国・朝鮮,2025/06,503
